Location,Sublocation,Printerserver,Printername,Driver Name,Note
Alabama,HUN - 1525 Perimeter Parkway,ah1utility01,AH1_Hall_Xerox7845,Xerox WorkCentre 7845 PS,
Alabama,HUN - 1525 Perimeter Parkway,ah1utility01,AH1_Plotter_HPT830,HP DesignJet T830 36in MFP V4,
Alabama,HUN - 1525 Perimeter Parkway,ah1utility01,AH1_Proposals_Xerox7120,Xerox WorkCentre 7120 PCL6,
Alabama,HUN - 250 Bolling Rd,ah1utility01,AM1_Hangar_Cannon IPF755,Canon iPF755,
Alabama,HUN - 250 Bolling Rd,ah1utility01,AM1_Hangar_Xerox7225,Xerox WorkCentre 7225 PCL6,
Alabama,HUN - 250 Bolling Rd,ah1utility01,AM1_ToolCage_HPCP5225,HP Universal Printing PCL 6,
Colorado,ARA - 11551 E Arapahoe Rd.,araprint01,ARA-1FL-NORTH-Becky,HP Officejet Pro 8600 Class Driver,
Colorado,ARA - 11551 E Arapahoe Rd.,araprint01,ARA-1FL-NORTH-MILLS,HP OfficeJet Pro 8710,
Colorado,ARA - 11551 E Arapahoe Rd.,araprint01,ARA-1FL-NORTH-PRINTER-RM2-X7545,Xerox Global Print Driver PS,
Colorado,ARA - 11551 E Arapahoe Rd.,araprint01,ARA-1FL-NORTH-RM2-PLOTTER-HPT610,HP Designjet T610 44in HPGL2,
Colorado,ARA - 11551 E Arapahoe Rd.,araprint01,ARA-1FL-NORTH-ROOM1-C8045,Xerox Global Print Driver PCL6,
Colorado,ARA - 11551 E Arapahoe Rd.,araprint01,ARA-1FL-North-SC-HPM277,HP Universal Printing PCL 6,
Colorado,ARA - 11551 E Arapahoe Rd.,araprint01,ARA-1FL-South-IT-M454,HP Universal Printing PCL 6,
Colorado,ARA - 11551 E Arapahoe Rd.,araprint01,ARA-1FL-SOUTH-PSCDaily-X7346,Xerox Global Print Driver PCL,
Colorado,ARA - 11551 E Arapahoe Rd.,araprint01,ARA-1FL-SOUTH-PSCProject-EX-i C60-C70,Xerox EX-i C60-C70 Printer,
Colorado,ARA - 11551 E Arapahoe Rd.,araprint01,ARA-2FL-EO-HPLJM451DN,HP Universal Printing PS,
Colorado,ARA - 11551 E Arapahoe Rd.,araprint01,ARA-2FL-NORTH-Ewigleben,HP Universal Printing PCL 6,
Colorado,ARA - 11551 E Arapahoe Rd.,araprint01,ARA-2FL-NORTH-Horky-HPLJ400,HP Universal Printing PCL 5 (v5.6.5),
Colorado,ARA - 11551 E Arapahoe Rd.,araprint01,ARA-2FL-SOUTH-Cherie,HP Universal Printing PCL 6,
Colorado,ARA - 11551 E Arapahoe Rd.,araprint01,ARA-2FL-SOUTH-HR-C405,Xerox GPD PCL6 V5.733.11.0,
Colorado,ARA - 11551 E Arapahoe Rd.,araprint01,ARA-2FL-SOUTH-ITS-X7845,Xerox WorkCentre 7845 PS,
Colorado,ARA - 11551 E Arapahoe Rd.,araprint01,ARA-2FL-SOUTH-James,HP Universal Printing PCL 6,
Colorado,ARA - 11551 E Arapahoe Rd.,araprint01,ARA-2FL-SOUTH-Pollitt,HP Universal Printing PCL 6,
Colorado,ARA - 11551 E Arapahoe Rd.,araprint01,ARA-2FL-SOUTH-Security-X7845,Xerox WorkCentre 7845 PS,
Colorado,ARA - 11551 E Arapahoe Rd.,araprint01,ARA-2FL-SOUTH-Stilley,HP Universal Printing PCL 6,
Colorado,ARA - 11551 E Arapahoe Rd.,araprint01,ARA-2FL-South-Teresa Martinez Personal,HP Universal Printing PCL 5 (v5.6.5),
Colorado,ARA - 11551 E Arapahoe Rd.,araprint01,ARA-2FL-SOUTH-Thompson,HP OfficeJet Pro 8710,
Colorado,ARA - 11551 E Arapahoe Rd.,araprint01,ARA-Suite 117-Xerox Altalink C8045,Xerox Global Print Driver PCL,
Colorado,CC2 - 1707 Aviation Wy,araprint01,CC2-HGR-1FL-XEROX-7845,Xerox Global Print Driver PS,
Colorado,CE2 - 9800 S. Meridian Blvd,araprint01,CE2-Avionics-X7845,Xerox Global Print Driver PCL,
Colorado,CE2 - 9800 S. Meridian Blvd,araprint01,CE2-S-Printer1-XC8045,Xerox Global Print Driver PCL,
Colorado,CE2 - 9800 S. Meridian Blvd,araprint01,CE2-S-Printer2-XC8045,Xerox GPD PCL6 V5.759.5.0,
Colorado,CE2 - 9800 S. Meridian Blvd,araprint01,CE2-Structures-X7845,Xerox GPD PS V4.1.585.13.0,
Colorado,HGR 11 - 8073 Wallace Court,araprint01,SUN-1FL-Brother-HL5370DW,Brother Laser Leg Type1 Class Driver,No location of SUN
Colorado,HGR 11 - 8073 Wallace Court,araprint01,SUN-1FL-Xerox-C8045,Xerox GPD PCL6 V5.733.11.0,No location of SUN
Colorado,HGR 11 - 8073 Wallace Court,araprint01,SUN-2FL-TND-Xerox7775,Xerox GPD PCL6 V5.733.11.0,No location of SUN
Texas,TH2 - 18050 Saturn Lane,araprint01,TH2-Curry-M451,HP Universal Printing PCL 6,
Texas,TH2 - 18050 Saturn Lane,araprint01,TH2-Office-M477,HP Universal Printing PCL 6,
Texas,TP1 - 1100 Jupiter,araprint01,TP1-1FL-South-XC8045,Xerox Global Print Driver PCL6,
Colorado,HGR 14 - 8227 Wallace Court,araprint01,XCL-1FL-HANGAR-XEROX-C8045,Xerox GPD PCL6 V5.733.11.0,
California,BAO - 1956 Webster,BAOFS01,BAO_EXEC_HP4700,HP Universal Printing PCL 6 (v6.0.0),
California,BAO - 1956 Webster,BAOFS01,BAO_LAB_DELL3110cn,Dell Color Laser 3110cn PS,
California,BAO - 1956 Webster,BAOFS01,BAO_LAB_HP4700,HP Universal Printing PCL 6 (v6.0.0),
California,BAO - 1956 Webster,BAOFS01,BAO_MAIL_HP4700,HP Color LaserJet 4700 PCL 6,
California,BAO - 1956 Webster,BAOFS01,BAO_XEROX_C7025,Xerox VersaLink C7000 V4 PS,
Colorado,CC1 - 1711 Aviation Wy,cc1utility01,CC1 - 1st Floor Hallway - KMC450i,KONICA MINOLTA C650iSeriesPCL,
Colorado,CC1 - 1711 Aviation Wy,cc1utility01,CC1 - Back Shop -VersaLink C7025,Xerox Global Print Driver PS,
Colorado,CC1 - 1711 Aviation Wy,cc1utility01,CC1-BackShop-X7845,Xerox Global Print Driver PS,
Colorado,CC1 - 1711 Aviation Wy,cc1utility01,CC1-FrontOfficeHPLJProM478f-9f_1,HP Universal Printing PCL 6,
Colorado,CC1 - 1711 Aviation Wy,cc1utility01,CC1-FrontOfficeHPLJProM478f-9fdw,HP Universal Printing PCL 6,
Colorado,CC2 - 1707 Aviation Wy,cc1utility01,CC2 - East Wall - KM C450i,KONICA MINOLTA C650iSeriesPCL,
Colorado,CC2 - 1707 Aviation Wy,cc1utility01,CC2-EastWall-AltaLinkC8145,Xerox Global Print Driver PS,
Colorado,CC3 - 5751 Camber View,cc1utility01,CC3-EastWall-AltaLinkC8045,Xerox Global Print Driver PS,
Colorado,CC3 - 5751 Camber View,cc1utility01,CC3-EastWall-AltaLinkC8045MFP,Xerox Global Print Driver PS,
Colorado,CC3 - 5751 Camber View,cc1utility01,CC3-Plotter-HP DesignJet T1700,HP DesignJet T1700 V4,
Colorado,CC3 - 5751 Camber View,cc1utility01,CC3-QAArea-HPFB78BA (HP OfficeJet Pro 8710),HP Officejet Pro PCL3 Class Driver,
Colorado,CC3 - 5751 Camber View,cc1utility01,CC3-QAISLAND-AltaLinkC8045MFP,Xerox GPD PS V4.0.548.8.0,
Colorado,CC5 - 5723 Camber View,cc1utility01,CC5 - East Wall - KMC450i,KONICA MINOLTA C650iSeriesPCL,
Colorado,CC5 - 5723 Camber View,cc1utility01,CC5-NorthWall-AltaLinkC8045,Xerox Global Print Driver PS,
Colorado,CC5 - 5723 Camber View,cc1utility01,CC5-WestWall-AltaLinkC8045,Xerox Global Print Driver PS,
Colorado,CC6 - 2520 Aviation Way,cc1utility01,CC6-Warehouse-Expansion-AltaLinkC8145,Xerox AltaLink C8145 V4 PCL6,
Colorado,CC6 - 2520 Aviation Way,cc1utility01,CC6-Warehouse-HPM281-1,HP Universal Printing PCL 6,
Colorado,CC6 - 2520 Aviation Way,cc1utility01,CC6-Warehouse-HPM281-2,HP Universal Printing PCL 6,
Colorado,CC6 - 2520 Aviation Way,cc1utility01,CC6-Warehouse-HPM281-3,HP Universal Printing PCL 6,
Colorado,CC6 - 2520 Aviation Way,cc1utility01,CC6-Warehouse-KCOS-HPLJProM281FDW_1,HP Universal Printing PCL 6,
Colorado,CC6 - 2520 Aviation Way,cc1utility01,CC6-Warehouse-KCOS-HPLJPROM281FDW_2,HP Universal Printing PCL 6,
Colorado,CC6 - 2520 Aviation Way,cc1utility01,CC6-Warehouse-KCOS-HPLJPROM281FDW_3,HP Universal Printing PCL 6,
Colorado,CC6 - 2520 Aviation Way,cc1utility01,CC6-Warehouse-KCOS-HPLJProM452dw_3,HP Universal Printing PCL 6,
Colorado,CC6 - 2520 Aviation Way,cc1utility01,CC6-Warehouse1-X7845,Xerox Global Print Driver PS,
Colorado,CC7 - 2121 Aviation Way,cc1utility01,CC7 - East Wall - AltaLink,Xerox Global Print Driver PS,
Colorado,CC7 - 2121 Aviation Way,cc1utility01,CC7 - West Wall - AltaLink,Xerox Global Print Driver PS,
Colorado,CC7 - 2121 Aviation Way,cc1utility01,CC7-Kiosks-XeroxAltaLinkC8045,Xerox Global Print Driver PS,
Colorado,HGR 1 - ,cc1utility01,EN5-HNAGARFLR-X7845,Xerox Global Print Driver PS,
Colorado,,cc1utility01,VersaLink C7025,Xerox Global Print Driver PS,
Colorado,,cc1utility01,Xerox AltaLink C8145 (A8:66:78),Xerox AltaLink C8145 V4 PCL6,
Colorado,CC3 - 5751 Camber View,CC4Print01,CC3 - Temp West Wall - AltaLinkC8045,Xerox GPD PCL6 V4.1.585.13.0,
Colorado,CC4,CC4Print01,CC4-4FL-Plotter-HPT1700,HP DesignJet T1700 V4,
Colorado,CC4,CC4Print01,CC4-4FL-PRINTER-HPM551,HP Universal Printing PCL 6,
Colorado,CC4,CC4Print01,CC4-4FL-PrinterRoom-XeroxAltaLinkC8045,Xerox GPD PCL6 V4.1.585.13.0,
Colorado,,CC4Print01,GRE-Backup-HPOJPro7740,HP OfficeJet Pro 7740 series PCL-3,
Colorado,,Cenprint01,CEN-1FL-FAC-XEROX7345,Xerox Global Print Driver PCL6,
Colorado,,Cenprint01,CEN-2FL-SUPPLYRM-PLOTTER-HPJLT770,HP Designjet T770 44in HPGL2,
Colorado,HGR 13 - 8165 Wallace Court,Cenprint01,H13-HangarFlr-VersalinkC7025,Xerox GPD PCL6 V4.0.548.8.0,
Colorado,OP1 - 7565 S Peoria Street,Cenprint01,H2-1FL-HangarFloor-X7545,Xerox Global Print Driver PCL,
Colorado,,Cenprint01,HP Officejet Pro X476dn MFP PCL 6,HP Officejet Pro X476dn MFP PCL 6,Unknown Location
Colorado,HGR 13 - 8165 Wallace Court,Cenprint01,W13-1FL-Training-HPOJ8710,HP OfficeJet Pro 8710,
Colorado,HGR 13 - 8165 Wallace Court,Cenprint01,W13-2FL-Office-MX2300,SHARP MX-2300N PCL6,
Colorado,HGR 13 - 8165 Wallace Court,Cenprint01,W13-2FL-Office-WC5300,Xerox WorkCentre 5330 PCL6,
Colorado,HGR 13 - 8165 Wallace Court,Cenprint01,W13-HANGARFLR-X7845,Xerox GPD PCL6 V4.0.548.8.0,
Colorado,HGR 14 - 8227 Wallace Court,Cenprint01,XCL-1FL-HANGAR-SHARPMX2700N,SHARP MX-2700N PCL6,
Colorado,HGR 14 - 8227 Wallace Court,Cenprint01,XCL-1FL-Lobby-HPDesignJetT2300,HP Designjet T2300ps PS3,
Colorado,HGR 14 - 8227 Wallace Court,Cenprint01,xcl-1fl-lobby-xeroxwc7425,Xerox Global Print Driver PCL6,
Colorado,CN2,CN2PRINT01,CN2-1FL-CLS-MATS,HP Color LaserJet CM4540 MFP PCL 6,
Colorado,CN2,CN2PRINT01,CN2-1FL-CLS-SHIP,HP Color LaserJet CM4540 MFP PCL 6,
Colorado,CN2,CN2PRINT01,CN2-1FL-ENG-SharpMX2700N,SHARP UD2 PCL6,
Colorado,CN2,CN2PRINT01,CN2-1FL-Facilities-HPCLJMFPM281fdw,HP Universal Printing PCL 6,
Colorado,CN2,CN2PRINT01,CN2-1FL-GSlogistics-HPLJ700,HP LaserJet 700 color MFP M775 PCL 6,
Colorado,CN2,CN2PRINT01,CN2-1FL-GSSIL-HPMFPM775,HP LaserJet 700 color MFP M775 PCL 6,
Colorado,CN2,CN2PRINT01,CN2-1FL-HPOJPROX476,HP Officejet Pro X476dn MFP PCL 6,
Colorado,CN2,CN2PRINT01,CN2-1FL-IR-A,Xerox Global Print Driver PS,
Colorado,CN2,CN2PRINT01,CN2-1FL-Label1-ZT220ZPL,ZDesigner ZT220-300dpi ZPL,
Colorado,CN2,CN2PRINT01,CN2-1FL-Label2-ZT220ZPL,ZDesigner ZT220-300dpi ZPL,
Colorado,CN2,CN2PRINT01,CN2-1FL-Label3_Intermec,Intermec PM43 (406 dpi),
Colorado,CN2,CN2PRINT01,CN2-1FL-Logistics1-HPLJ700,HP LaserJet 700 color MFP M775 PCL 6,
Colorado,CN2,CN2PRINT01,CN2-1FL-Logistics2-HPLJ700,HP LaserJet 700 color MFP M775 PCL 6,
Colorado,CN2,CN2PRINT01,CN2-1FL-MAT-Brother7840,Brother MFC-7840W,
Colorado,CN2,CN2PRINT01,CN2-1FL-MAT-Brother9460,Brother MFC-9460CDN Printer,
Colorado,CN2,CN2PRINT01,CN2-1FL-MAT-XeroxC8045,Xerox Global Print Driver PS,
Colorado,PEA - 10949 E Peakview Ave.,CN2PRINT01,CN2-1FL-MATS-A-M425dw,HP ColorLaserJet M253-M254 PCL-6 (V4),
Colorado,PEA - 10949 E Peakview Ave.,CN2PRINT01,CN2-1FL-MATS-B-M452dw,HP ColorLaserJet M253-M254 PCL-6 (V4),
Colorado,CN2,CN2PRINT01,CN2-1FL-REC-HPLJP2055,HP Universal Printing PCL 6,
Colorado,CN2,CN2PRINT01,CN2-1FL-Receiving-HPLJP3015,HP Universal Printing PCL 6,
Colorado,CN2,CN2PRINT01,CN2-1FL-RnR-AltaLinkC8055,Xerox Global Print Driver PCL6,
Colorado,CN2,CN2PRINT01,CN2-1FL-Saftey-Epson 545,EPSON WorkForce 545 Series,
Colorado,CN2,CN2PRINT01,CN2-1FL-Shipping-XeroxWC7225,Xerox Global Print Driver PS,
Colorado,CN2,CN2PRINT01,CN2-1FL-STORAGEANDISSUE,HP LJ300-400 color MFP M375-M475 PCL 6,
Colorado,CN2,CN2PRINT01,CN2-1FL-WiringBackshop-BrotherMFCJ6710,Brother MFC-J6710DW Printer,
Colorado,CN2,CN2PRINT01,CN2-2FL-LOFT-HPMFP775,HP Universal Printing PS,
Colorado,CN2,CN2PRINT01,CN2-Backshop-HP_LaserJet_M551,HP LaserJet Enterprise 500 Color M551 PCL6 Class Driver,
Colorado,CN2,CN2PRINT01,CN2-Backshop-Versalink_C405,Xerox Global Print Driver PCL6,
Colorado,CN2,CN2PRINT01,CN2-E11-Front Desk-Dell2135cn,Xerox Global Print Driver PCL6,
Colorado,CN2,CN2PRINT01,Xerox WorkCentre 7556 PCL6,Xerox WorkCentre 7556 PCL6,
Colorado,CN2,CN2PRINT01,ZDesigner ZT220-200dpi EPL,ZDesigner ZT220-200dpi EPL,
Colorado,CTC - 315 CTC Blvd,CTCPrint01,CB2_Front Desk_HP7740,HP OfficeJet Pro 7740 series,
Colorado,CTC - 315 CTC Blvd,CTCPrint01,CTC_1FL_North_X7845,Xerox WorkCentre 7845 V4 PCL6,
Colorado,CTC - 315 CTC Blvd,CTCPrint01,CTC_1FL_Plotter_T790,HP Designjet T790 44in HPGL2,
Colorado,CTC - 315 CTC Blvd,CTCPrint01,CTC_1FL_Southeast_X7845,Xerox WorkCentre 7845 V4 PCL6,
Colorado,CTC - 315 CTC Blvd,CTCPrint01,CTC_1FL_Southwest_X7845,Xerox WorkCentre 7845 V4 PCL6,
Colorado,CTC - 315 CTC Blvd,CTCPrint01,CTC_2FL_Cube202_M451,HP LJ300-400 color M351-M451 PCL 6,
Colorado,CTC - 315 CTC Blvd,CTCPrint01,CTC_2FL_North_X7845,Xerox WorkCentre 7845 V4 PCL6,
Colorado,CTC - 315 CTC Blvd,CTCPrint01,CTC_2FL_South_X7845,Xerox WorkCentre 7845 V4 PCL6,
Colorado,CTC - 315 CTC Blvd,CTCPrint01,CTC_Front_Desk_7740,HP OfficeJet Pro 7740 series,
Colorado,CTC - 315 CTC Blvd,CTCPrint01,CTC_FRONT_DESK_MFP_M578,HP Color LaserJet MFP M578 PCL 6,
Colorado,CTC - 315 CTC Blvd,CTCPrint01,CTC_Maint_Shop_HP LaserJet 400,HP LJ300-400 color MFP M375-M475 PCL 6,
Colorado,CTC - 315 CTC Blvd,CTCPrint01,CTC_Personal_Ben_Bodman_M451,HP LJ300-400 color M351-M451 PCL 6,
Colorado,CTC - 315 CTC Blvd,CTCPrint01,CTC_Personal_Frank_Taylor_CP2025dn,HP Universal Printing PCL 6,
Colorado,CTC - 315 CTC Blvd,CTCPrint01,CTC_Personal_Jeff_Davis_HPM452,HP Color LaserJet Pro M452 PCL 6,
Colorado,CTC - 315 CTC Blvd,CTCPrint01,CTC_Personal_Jeff_Parr_HPM451nw,HP LJ300-400 color M351-M451 PCL 6,
Colorado,CTC - 315 CTC Blvd,CTCPrint01,CTC_Personal_Jim Voss_HP2025,HP Universal Printing PCL 6,
Colorado,CTC - 315 CTC Blvd,CTCPrint01,CTC_Personal_John Curry_M475,HP LJ300-400 color MFP M375-M475 PCL 6,
Colorado,CTC - 315 CTC Blvd,CTCPrint01,CTC_Personal_Steve_Lindsey_M477,HP Color LaserJet Pro MFP M477 PCL 6,
Colorado,CTC - 315 CTC Blvd,CTCPrint01,CTC_Personal_Tim_Gibson_M451dn,HP LJ300-400 color M351-M451 PCL 6,
,,cvsfs01,192_Logistics-Warehouse_HP3015,HP Universal Printing PCL 6 (v7.1.0),
,,cvsfs01,194_A&P Ready Room_HP479,HP Color LaserJet Pro M479 PCL 6 (V3),
,,cvsfs01,194_FST_Cannon iR C2020,Canon Generic Plus PCL6,
,,cvsfs01,194_FST_Cannon iR C5535i,Canon Generic Plus PCL6,
,,cvsfs01,194_FST_MFC-9325CW,Brother MFC-9325CW Printer,
,,cvsfs01,194_Log-Manager_HP-M553,HP Universal Printing PCL 6,
,,cvsfs01,194_Logistics-Lead_MFC-9340CDW,Brother MFC-9340CDW Printer,
,,cvsfs01,194_Logistics_StockRoom_Cannon iR C3525i,Canon Generic Plus PCL6,
,,cvsfs01,194_QA_MFC-9340CDW,Brother MFC-9340CDW Printer,
,,cvsfs01,194_Records_KMC300,KONICA MINOLTA Universal PCL,
,,cvsfs01,194_Records_MFC-9340,Brother MFC-9340CDW Printer,
,,cvsfs01,194_Scheduling_MFC-9340CDW,Brother MFC-9340CDW Printer,
,,cvsfs01,194_Tech Admin_HPM479,HP Color LaserJet Pro M479 PCL 6 (V3),
,,cvsfs01,194_Tool Room_MFC-L3770CDW,Brother MFC-L3770CDW series,
,,cvsfs01,4605_FST Office_Canon C3325,Canon Generic Plus PCL6,
,,cvsfs01,4605_Logistics MFC-9320CW,Brother MFC-9320CW Printer,
,,cvsfs01,724D_PC12 SIM_CannonC3525,Canon Generic Plus PCL6,
,,cvsfs01,Canon iR-ADV C5250/5255 UFR II,Canon iR-ADV C5250/5255 UFR II,
,,cvsfs01,Canon iR-ADV C5250/5255 UFR II Logistics,Canon iR-ADV C5250/5255 UFR II,
,,cvsfs01,test,HP Universal Printing PCL 6 (v7.1.0),
,BEA - 2611 Commons Blvd,dayfs01,BCO_DELLCOLORS2825cdn_1FL_Lobby,Dell Color MFP S2825cdn PCL6,
,BEA - 2611 Commons Blvd,dayfs01,BCO_HPDJPlotter800_2FL_RM262,HP Designjet 800 42 by HP,
,BEA - 2611 Commons Blvd,dayfs01,BCO_HPLJBW3015_1FL_RM145,HP Universal Printing PS,
,BEA - 2611 Commons Blvd,dayfs01,BCO_HPLJBW3015_2FL_RM262,HP Universal Printing PS,
,BEA - 2611 Commons Blvd,dayfs01,BCO_HPLJColor3525DN_2FL_RM282,HP Color LaserJet CP3525 PCL6,
,BEA - 2611 Commons Blvd,dayfs01,BCO_HPLJColorM454dn_2FL_RM2108,HP Color LaserJet Pro M453-4 PCL-6 (V4),
,BEA - 2611 Commons Blvd,dayfs01,BCO_Xerox7845_2FL_RM262,Xerox Global Print Driver PCL6,
,BEA - 2611 Commons Blvd,dayfs01,BCO_Xerox7845_2FL_SupplyRoom_RM222,Xerox Global Print Driver PCL6,
,BEA - 2611 Commons Blvd,dayfs01,BCO_XeroxC8045_1FL_RM1012,Xerox Global Print Driver PCL6,
,BEA - 2611 Commons Blvd,dayfs01,BCO_Zebra_GK420D_Red_Warehouse,ZDesigner GK420d,
,BEA - 2611 Commons Blvd,dayfs01,BCO_Zebra_GK420D_White_Warehouse,ZDesigner GK420d,
,,DCAUTILITY01,DCA--Eren,HP Universal Printing PCL 6 (v6.6.0),
,,DCAUTILITY01,DCA-Front-Desk,HP Universal Printing PCL 6,
,,DCAUTILITY01,DCA-Main-WDC,Xerox GPD PS V3.6.433.6.0.0,
,,DDFFS01,3020_Aircraft Records_HPM277dw,HP Universal Printing PCL 6,
,,DDFFS01,DDF_146_Records_KMC284e,KONICA MINOLTA C364SeriesPCL,
,,DDFFS01,DDF_3020_KMC253,KONICA MINOLTA Universal PCL,
,,DDFFS01,DDF_3032_145 Log Mgr_HP8710,HP OfficeJet Pro 8710,
,,DDFFS01,DDF_3032_146_HPM551,HP LaserJet 500 color M551 PCL6,
,,DDFFS01,DDF_3032_146_Logistics_HP_P3015,HP Universal Printing PS,
,,DDFFS01,DDF_3032_Aircraft Records_LJP3015,HP Universal Printing PS,
,,DDFFS01,DDF_3032_Logistics Copier_KMC360,KONICA MINOLTA Universal PCL,
,,DDFFS01,DDF_3032_Logistics Kiosk_HP3015,HP LaserJet P3011/P3015 PCL6,
,,DDFFS01,DDF_3032_Logistics_HP_P3015,HP Universal Printing PS,
North Carolina,,FAYFS01,Brother MFC-9320CW Printer,Brother MFC-9320CW Printer,
North Carolina,FAY - 3139 Doc Bennett,FAYFS01,FAY_1FL_South_SIL_HP_Color,HP Color LaserJet Pro M452 PCL 6,
North Carolina,FAY - 3139 Doc Bennett,FAYFS01,FAY_1FL_Xerox_C7025,Xerox Global Print Driver PS,
North Carolina,FAY - 3139 Doc Bennett,FAYFS01,FAY_FL3_Color_Xerox,Xerox GPD PS V3.6.433.6.0.0,
North Carolina,FAY - 3139 Doc Bennett,FAYFS01,FAY_Hangar_Xerox_C7025,Xerox VersaLink C7025 V4 PCL6,
North Carolina,,FAYFS01,FVO-1FL-DELL2825-DArgenio,Dell Color MFP S2825cdn PCL6,
North Carolina,,FAYFS01,FVO-1FL-DELL2825-Tuohey,Dell Color MFP S2825cdn PCL6,
North Carolina,,FAYFS01,FVO-1FL-HPL7580,HP Officejet Pro L7500 Series,
North Carolina,,FAYFS01,HP Color LaserJet 5550 PCL 5,HP Color LaserJet 5550 PCL 5,
North Carolina,,FAYFS01,HP LaserJet M5035 mfp PCL6,HP LaserJet M5035 mfp PCL6,
North Carolina,,FAYFS01,PilotPrinter,Dell Color MFP S2825cdn PCL6,
Colorado,,Flexprint01p,Backshop-QA,Xerox Global Print Driver PCL6,
Colorado,,Flexprint01p,Compark-Backshop,HP Universal Printing PCL 6,
Colorado,,Flexprint01p,Compark-Facilities,HP Universal Printing PCL 6,
Colorado,,Flexprint01p,Compark-Ticket,HP LaserJet 500 color M551 PCL6,
Colorado,CP1 - 14830 Compark Blvd,Flexprint01p,CP1-1st-FX1,HP Universal Printing PCL 6,
Colorado,CP1 - 14830 Compark Blvd,Flexprint01p,CP1-1st-FX2,HP Universal Printing PCL 6,
Colorado,CP1 - 14830 Compark Blvd,Flexprint01p,CP1-1st-FX3,Xerox Global Print Driver PCL6,
Colorado,CP1 - 14830 Compark Blvd,Flexprint01p,CP1-1st-FX4,HP Universal Printing PCL 6,
Colorado,CP1 - 14830 Compark Blvd,Flexprint01p,CP1-1st-IAS1,Xerox Global Print Driver PCL6,
Colorado,CP1 - 14830 Compark Blvd,Flexprint01p,CP1-1st-IAS2,Xerox Global Print Driver PCL6,
Colorado,CP1 - 14830 Compark Blvd,Flexprint01p,CP1-1st-IAS3,Xerox Global Print Driver PCL6,
Colorado,CP1 - 14830 Compark Blvd,Flexprint01p,CP1-IAS-1ST-BACKSHOPEX,HP Universal Printing PCL 6,
Colorado,CP1 - 14830 Compark Blvd,Flexprint01p,CP1-IAS-1ST-CONFERENCE,HP Universal Printing PCL 6,
Colorado,CP1 - 14830 Compark Blvd,Flexprint01p,CP1-IAS-1ST-KAPASTORES,HP Universal Printing PCL 6,
Colorado,CP1 - 14830 Compark Blvd,Flexprint01p,CP1-IAS-1ST-OFFICE1,HP Universal Printing PCL 6,
Colorado,CP1 - 14830 Compark Blvd,Flexprint01p,CP1-IAS-1ST-SHIPPING,HP Universal Printing PCL 6,
Colorado,CP1 - 14830 Compark Blvd,Flexprint01p,CP1-IAS-2nd-backshop1,HP Universal Printing PCL 6,
Colorado,HGR 11 - 8073 Wallace Court,Flexprint01p,H11-HangarFlr-XeroxC8145,Xerox Global Print Driver PCL6,
Colorado,HGR 12 - 13382 East Control Tower Road,Flexprint01p,H12N-Office-XeroxC8145,Xerox Global Print Driver PCL6,
Colorado,HGR 12 - 13382 East Control Tower Road,Flexprint01p,H12S-HangarFlr-XeroxC8145,Xerox Global Print Driver PCL6,
Colorado,,Flexprint01p,HP Color LaserJet Pro M452 PCL 6,HP Color LaserJet Pro M452 PCL 6,
Colorado,,Flexprint01p,HP LaserJet 500 color M551 PCL6,HP LaserJet 500 color M551 PCL6,
Colorado,,Flexprint01p,HP LaserJet 700 color MFP M775 UPD PCL 6,HP Universal Printing PCL 6,
Colorado,RMN - Rocky Mountain North,Flexprint01p,RMN-1st-AdminMainEntrance,HP ENVY 6000 series PCL-3,
Colorado,RMN - Rocky Mountain North,Flexprint01p,RMN-1st-AuditoriumAdmin,HP OfficeJet Pro 8710,
Colorado,RMN - Rocky Mountain North,Flexprint01p,RMN-1st-HR,Xerox VersaLink C7000 V4 PCL6,
Colorado,RMN - Rocky Mountain North,Flexprint01p,RMN-1st-IT,Xerox VersaLink C7025 V4 PCL6,
Colorado,RMN - Rocky Mountain North,Flexprint01p,RMN-1st-IT-Test,Xerox Global Print Driver PCL6,
Colorado,RMN - Rocky Mountain North,Flexprint01p,RMN-1st-LearningDev,Xerox Global Print Driver PCL6,
Colorado,RMN - Rocky Mountain North,Flexprint01p,RMN-1st-RockyMountainPost,Xerox Global Print Driver PCL6,
Colorado,RMN - Rocky Mountain North,Flexprint01p,RMN-1st-ServiceCenter,HP Universal Printing PCL 6,
Colorado,RMN - Rocky Mountain North,Flexprint01p,RMN-2nd-MST,Xerox Global Print Driver PCL6,
Colorado,RMN - Rocky Mountain North,Flexprint01p,RMN-2ND-MST-Plotter,HP Designjet T770 44in HPGL2,
Colorado,RMN - Rocky Mountain North,Flexprint01p,RMN-2nd-Plotter,HP Designjet T770 44in HPGL2,
Colorado,RMN - Rocky Mountain North,Flexprint01p,RMN-2nd-Prod1,Xerox Global Print Driver PCL6,
Colorado,RMN - Rocky Mountain North,Flexprint01p,RMN-2nd-Prod2,Xerox Global Print Driver PCL6,
Colorado,RMN - Rocky Mountain North,Flexprint01p,RMN-2nd-Prod3,Xerox Global Print Driver PCL6,
Colorado,RMN - Rocky Mountain North,Flexprint01p,RMN-2nd-Proposal,Xerox Global Print Driver PCL6,
Colorado,RMN - Rocky Mountain North,Flexprint01p,RMN-2nd-Proposal-C70,Xerox Global Print Driver PCL6,
Colorado,RMN - Rocky Mountain North,Flexprint01p,RMN-2nd-TDL-XC8045,Xerox Global Print Driver PCL6,
Colorado,RMN - Rocky Mountain North,Flexprint01p,RMN-3rd-Prod1,Xerox Global Print Driver PCL6,
Colorado,RMN - Rocky Mountain North,Flexprint01p,RMN-3rd-Prod2,Xerox Global Print Driver PCL6,
Colorado,RMN - Rocky Mountain North,Flexprint01p,RMN-3rd-Prod3,Xerox Global Print Driver PCL6,
Colorado,RMN - Rocky Mountain North,Flexprint01p,RMN-3rd-Prod4,Xerox Global Print Driver PCL6,
Colorado,RMN - Rocky Mountain North,Flexprint01p,RMN-Basement-Breakroom,Xerox Global Print Driver PCL6,
Colorado,RMN - Rocky Mountain North,Flexprint01p,RMN-Basement-NBL-500,HP Color LaserJet Pro M452 PCL 6,
Colorado,RMN - Rocky Mountain North,Flexprint01p,RMN-Basement-ResearchLab,HP Color LaserJet Pro M452 PCL 6,
Colorado,RMN - Rocky Mountain North,Flexprint01p,RMN-CORPOPS,Xerox Global Print Driver PCL6,
Colorado,RMN - Rocky Mountain North,Flexprint01p,RMN_1FL_IT North_HP454,HP Color LaserJet Pro M452 PCL 6,
Colorado,RMS - Rocky Mountain South,Flexprint01p,RMS-1st-GS,Xerox Global Print Driver PCL6,
Colorado,RMS - Rocky Mountain South,Flexprint01p,RMS-1st-Lobby,HP Universal Printing PCL 6,
Colorado,RMS - Rocky Mountain South,Flexprint01p,RMS-1st-Prod1,Xerox Global Print Driver PCL6,
Colorado,RMS - Rocky Mountain South,Flexprint01p,RMS-1st-Prod2,Xerox Global Print Driver PCL6,
Colorado,RMS - Rocky Mountain South,Flexprint01p,RMS-1st-Security,Xerox Global Print Driver PCL6,
Colorado,RMS - Rocky Mountain South,Flexprint01p,RMS-2nd-Justine-Dell2130cn,Dell Open Print Driver (PCL 5),
Colorado,RMS - Rocky Mountain South,Flexprint01p,RMS-2nd-Prod1,Xerox Global Print Driver PCL6,
Colorado,RMS - Rocky Mountain South,Flexprint01p,RMS-2nd-Prod2,Xerox Global Print Driver PCL6,
Colorado,RMS - Rocky Mountain South,Flexprint01p,RMS-2nd-Prod3,Xerox Global Print Driver PCL6,
Colorado,RMS - Rocky Mountain South,Flexprint01p,RMS-3rd-Burgoyne,HP Universal Printing PCL 6,
Colorado,RMS - Rocky Mountain South,Flexprint01p,RMS-3rd-Exec,Xerox Global Print Driver PCL6,
Colorado,RMS - Rocky Mountain South,Flexprint01p,RMS-3rd-SVPAdmin,HP Universal Printing PCL 6,
Colorado,RMS - Rocky Mountain South,Flexprint01p,RMS-3rd-Thorne,HP OfficeJet Pro 8710 PCL-3,
Colorado,RMS - Rocky Mountain South,Flexprint01p,RMS-Basement-FltOps,Xerox Global Print Driver PCL6,
Colorado,RMS - Rocky Mountain South,Flexprint01p,RMS-Basement-InstrumentationLab,Xerox Global Print Driver PCL6,
Colorado,RMS - Rocky Mountain South,Flexprint01p,RMS-Basement-SB-S436,HP Universal Printing PCL 6,
,,Flexprint01p,XRX9C934E9DF675,Xerox Global Print Driver PCL6,
,,Flexprint01p,XRX9C934E9E0867,Xerox Global Print Driver PCL6,
,,Flexprint01p,ZM1-OfficePrinter-C8145,Xerox Global Print Driver PCL6,
,,GM1Utility01,GM1_DOM_HPM251,HP LaserJet 200 color M251 PCL 6,
,,GM1Utility01,GW1_Back-Hall_XeroxC8045,Xerox Global Print Driver PCL6,
,,GM1Utility01,GW1_Engineering_CannonMF720,Canon MF720C Series UFRII LT,
,,GM1Utility01,GW1_Plotter_HPT520,HP DesignJet T520 36in,
,,gvoutil01,GRE-Backup-HPOJPro8600,HP Officejet Pro 8600,
,,gvoutil01,GRE-Main office- Xerox 7545,Xerox Global Print Driver PCL6,
,,gvoutil01,GRE-MeetingRoom-Epson3640,EPSON WF-3620 Series,
Maryland,,HGTPS01,ABR_1FL_Xerox6655Printer,Xerox GPD PS V3.6.433.6.0.0,
Maryland,,HGTPS01,FAY Hanger 1FL Pilot Printer Color,Dell Color MFP S2825cdn PCL6,
Maryland,,HGTPS01,H66 EPSON WF-7710 Series,EPSON WF-7710 Series,
Maryland,HGR 17 - 18631 Jarkey Drive,HGTPS01,Hangar_17_Inspection_Printer,Xerox Global Print Driver PCL6,
Maryland,,HGTPS01,HGT_B16_1FL_XeroxC8145,Xerox AltaLink C8145 V4 PCL6,
Maryland,,HGTPS01,HGT_B67_1FL_West_KMC450i,KONICA MINOLTA PS Color Laser Class Driver,
Maryland,,HGTPS01,HGT_B67_2FL_East_KMC450i,KONICA MINOLTA PS Color Laser Class Driver,
Maryland,,HGTPS01,HGT_B67_2FL_West_KMC450i,KONICA MINOLTA PS Color Laser Class Driver,
Maryland,,HGTPS01,HGT_B67_3FL_East_KMC450i,KONICA MINOLTA C650iSeriesPCL,
Maryland,,HGTPS01,HGT_B67_3FL_West_KMC450i,KONICA MINOLTA C650iSeriesPCL,
Maryland,,HGTPS01,HGT_H15_1FL_North_Color_Xerox,Xerox WorkCentre 7225,
Maryland,HGR 17 - 18631 Jarkey Drive,HGTPS01,HGT_H17_1FL_Central_Color,Xerox Global Print Driver PCL6,
Maryland,HGR 17 - 18631 Jarkey Drive,HGTPS01,HGT_H17_1FL_West_BW_Xerox,Xerox Global Print Driver PS,
Maryland,HGR 17 - 18631 Jarkey Drive,HGTPS01,HGT_H17_1FL_XeroxC8145,Xerox AltaLink C8145 V4 PCL6,
Maryland,HGR 17 - 18631 Jarkey Drive,HGTPS01,HGT_H17_2FL_Mezz_BW,Xerox Global Print Driver PCL6,
Maryland,HGR 17 - 18631 Jarkey Drive,HGTPS01,HGT_H17_Mezz_Color_Dell,Dell C2660dn Color Laser PCL6,
Maryland,HGR 17A - 18631 Jarkey Drive,HGTPS01,HGT_H17A_1FL_KMC450i,KONICA MINOLTA PS Color Laser Class Driver,
Maryland,HGR 17A - 18631 Jarkey Drive,HGTPS01,HGT_H17A_ToolCrib,HP Universal Printing PCL 6,
Maryland,HGR 18 - 18635 Jarkey Drive,HGTPS01,HGT_H18_1FL_East_Color_Xerox,Xerox GPD PS V3.6.433.6.0.0,
Maryland,HGR 18 - 18635 Jarkey Drive,HGTPS01,HGT_H18_1FL_Hangar_KMC450i,KONICA MINOLTA PS Color Laser Class Driver,
Maryland,HGR 18 - 18635 Jarkey Drive,HGTPS01,HGT_H18_1FL_IT,HP Color LaserJet Pro M479 PCL 6 (V3),
Maryland,HGR 18 - 18635 Jarkey Drive,HGTPS01,HGT_H18_1FL_Security,HP Universal Printing PCL 6 (v6.6.5),
Maryland,HGR 18 - 18635 Jarkey Drive,HGTPS01,HGT_H18_1FL_SIL,Xerox WorkCentre 5335 PCL6,
Maryland,HGR 18 - 18635 Jarkey Drive,HGTPS01,HGT_H18_1FL_West_BW_Xerox,Xerox WorkCentre 5335 PCL6,
Maryland,HGR 18 - 18635 Jarkey Drive,HGTPS01,HGT_H18_1FL_West_Plot,Xerox 6204 Wide Format PS3,
Maryland,HGR 18 - 18635 Jarkey Drive,HGTPS01,HGT_H18_2FL_East_Color_Xerox,Xerox Global Print Driver PS,
Maryland,HGR 18 - 18635 Jarkey Drive,HGTPS01,HGT_H18_2FL_EastSCIF_BW_Brother,Brother Mono Universal Printer (PCL),
Maryland,HGR 18 - 18635 Jarkey Drive,HGTPS01,HGT_H18_2FL_South_Color_Xerox,Xerox WorkCentre 7225,
Maryland,HGR 18 - 18635 Jarkey Drive,HGTPS01,HGT_H18_2FL_West_Color_Xerox,Xerox Global Print Driver PS,
Maryland,HGR 18 - 18635 Jarkey Drive,HGTPS01,HGT_H18_Hangar_QC,Xerox Pull Print Driver PS,
Maryland,HGR 18 - 18635 Jarkey Drive,HGTPS01,HGT_H18_Plotter,HP DesignJet T730 V4,
Maryland,HGR 18 - 18635 Jarkey Drive,HGTPS01,HGT_H18_ToolCrib,HP Universal Printing PCL 6,
Maryland,HGR 65 - 18339 Airpark Road,HGTPS01,HGT_H65_1FL_West_BW,HP LaserJet 400 M401 PCL 6,
Maryland,HGR 66 - 18641 Jarkey Drive,HGTPS01,HGT_H66_1FL_KM,KONICA MINOLTA PS Color Laser Class Driver,
Maryland,HGR 66 - 18641 Jarkey Drive,HGTPS01,HGT_H66_2FL_KM,KONICA MINOLTA PS Color Laser Class Driver,
Maryland,HGR 67 - 18632 Jarkey Drive,HGTPS01,HGT_H67_1FL_LoadingDock_Color,HP Universal Printing PS (v5.8.0),
Maryland,HGR 67 - 18632 Jarkey Drive,HGTPS01,HGT_H67_1FL_NE_ColorHP,HP Universal Printing PCL 6 (v5.6.1),
Maryland,HGR 67 - 18632 Jarkey Drive,HGTPS01,HGT_H67_1FL_North_Color_Xerox,Xerox Global Print Driver PS,
Maryland,HGR 67 - 18632 Jarkey Drive,HGTPS01,HGT_H67_Mailroom_Brother HL-5450DN series,Brother HL-5450DN series,
Maryland,,HGTPS01,HUN-HangarOffice-HP-Color,HP Universal Printing PCL 6 (v5.7.0),
Maryland,,HGTPS01,HUN-HangarOffice-Savin-BW,PCL6 Driver for Universal Print,
Maryland,,HGTPS01,HVO Xerox WorkCentre 7120 PCL6,Xerox WorkCentre 7120 PCL6,
Maryland,,HGTPS01,HVO_HP CM2320nf_MFP_PCL 6,HP Universal Printing PCL 6,
Maryland,,HGTPS01,PAX_Color_MFP,Xerox Global Print Driver PS,
Maryland,,HGTPS01,Xerox Global Print Driver PS,Xerox Global Print Driver PS,
,,HRNUtility01,1FL_EXEC_XEROX,Xerox WorkCentre 7500 Series Class Driver,
,,HRNUtility01,HRN-1K-HP4025,HP Universal Printing PCL 6 (v5.7.0),
,,HRNUtility01,HRN-5K-HR-HPLJP1606-BW,HP Universal Printing PCL 5 (v5.2),
,,HRNUtility01,HRN-5K-SubContracts-CP2025,HP Universal Printing PCL 6 (v5.7.0),
,,HRNUtility01,HRN-8k-Finance-HPLJ2025dn,HP Universal Printing PCL 6,
,,HRNUtility01,HRN-Suite114-HP4025,HP Universal Printing PCL 6 (v5.7.0),
,,HRNUtility01,HRN_14K_M451_PCL6,HP LJ300-400 color M351-M451 PCL6 Class Driver,
,,HRNUtility01,HRN_5K_CopyRm_Xerox7845,Xerox WorkCentre 7845,
,,HRNUtility01,HRNSecurity01,HP Universal Printing PCL 6,
,,hrtprint01,09815_Phase Hanger_KMC224,KONICA MINOLTA C364SeriesPCL,
,,hrtprint01,3020_146 Maintenance_KMC284,KONICA MINOLTA Universal PCL v3.8,
,,hrtprint01,3020_Records_KMC284e,KONICA MINOLTA C364SeriesPCL,
,,hrtprint01,3029_Admin_KMC458,KONICA MINOLTA Universal PS v3.9.4,
,,hrtprint01,3032_146_LM_HPM551,HP Universal Printing PCL 6,
,,hrtprint01,3032_146Zebra,ZDesigner GX420d,
,,hrtprint01,3032_Logistics_Brother MFC-L9570CDW,Brother MFC-L9570CDW series,
,,hrtprint01,3032_Logistics_Kiosk_HP3015,HP Universal Printing PCL 6,
,,hrtprint01,3032_Logistics_KMC258,KONICA MINOLTA Universal PCL,
,,hrtprint01,3076_QA_HPM608,HP LaserJet M607 M608 M609 PCL 6 (V3),
,,hrtprint01,90628_Logistics_HPWidePro477,HP PageWide Pro 477dw MFP PCL 6,
,,hrtprint01,90710_Logistics_KMC454e,KONICA MINOLTA Universal PCL v3.8,
,,hrtprint01,90710_Warehouse_HP7740,HP OfficeJet Pro 7740 series,
,,hrtprint01,90800_Hanger_HP4555,HP Universal Printing PCL 6,
,,hrtprint01,90800_PC12-QA_HP3530,HP Universal Printing PCL 6,
,,hrtprint01,90800_ToolRoom_HP8710,HP OfficeJet Pro 8710,
,,hrtprint01,90815_LAA Maintenance_HPM428,Brother Laser Type1 Class Driver,
,,hrtprint01,90825-A_FST_HP479,HP Color LaserJet Pro M478f-9f PCL 6 (V3),
,,hrtprint01,90825_Admin_HPM477,HP Color LaserJet Pro MFP M477 PCL 6,
,,hrtprint01,90825_CTK_HPM477,HP Color LaserJet Pro MFP M477 PCL 6,
,,hrtprint01,90825_GR2_Admin_KMC308,KONICA MINOLTA Universal PCL v3.8,
,,hrtprint01,90825_GR2_Logistics_KM308,KONICA MINOLTA Universal PCL v3.8,
,,hrtprint01,90825_LAA-Admin_HPM477,HP PageWide Pro 477dw MFP PCL 6,
,,hrtprint01,90825_LOG1_HPM479,HP Color LaserJet Pro M478f-9f PCL 6 (V3),
,,hrtprint01,90825_LOG2_HPM477,HP Color LaserJet Pro MFP M477 PCL 6,
,,hrtprint01,90825_Logistics_HPM428,HP Universal Printing PCL 6,
,,hrtprint01,90825_Logistics_HPM479,HP Color LaserJet Pro M479 PCL 6 (V3),
,,hrtprint01,90825_ToolRm_HPM281fdw,HP Universal Printing PCL 6,
,,hrtprint01,91029_SIM_KMC308,KONICA MINOLTA Universal PCL v3.8,
,,hrtprint01,91040_Pilot-Training_HP477,HP Color LaserJet Pro MFP M477 PCL 6,
,,hrtprint01,91040_Pilot-Traning_HPM428,HP Universal Printing PCL 6,
,,hrtprint01,91252_PC12_Maintenance_KMC308,KONICA MINOLTA Universal PCL v3.8,
,,hrtprint01,91262-PC12-Records_KM458,KONICA MINOLTA Universal PCL v3.8,
,,hrtprint01,91262_PC12-Admin_KMC284,KONICA MINOLTA Universal PS v3.9.4,
,,hrtprint01,91262_PC12-ToolRoom_KM458,KONICA MINOLTA Universal PCL v3.8,
,,hrtprint01,91262_PC12_QA_HP7740,HP OfficeJet Pro 7740 series,
,,hrtprint01,91262_Training_KMC360,KONICA MINOLTA Universal PCL v3.8,
,,hrtprint01,DHF_Avionics_HPM477,HP Color LaserJet Pro MFP M477 PCL 6,
,,hrtprint01,zebra,ZDesigner ZT410-203dpi ZPL,
Florida,FF1 - 638 NW Anchors,MEOFS01,FF1_East_XeroxC8145,Xerox AltaLink C8045 PS,
Florida,FF1 - 638 NW Anchors,MEOFS01,FF1_PaleAle_HP477,HP Universal Printing PCL 6,
Florida,FF1 - 638 NW Anchors,MEOFS01,FF1_West_XeroxC7025,Xerox VersaLink C7025 V4 PS,
Florida,FS1 - 1150 Eglin Pkwy,MEOFS01,FS1_HR_Xerox6655,Xerox WorkCentre 6655 PCL6,
Florida,FS1 - 1150 Eglin Pkwy,MEOFS01,FS1_North_XeroxC8145,Xerox AltaLink C8045 PS,
Florida,FS1 - 1150 Eglin Pkwy,MEOFS01,FS1_South_Xerox7120,Xerox WorkCentre 7125 V4 PCL6,
,,MEOFS01,GR2_FE1_HPM477,HP Color LaserJet Pro MFP M477 PCL 6,
,,MEOFS01,HP LaserJet Professional M1210 MFP Series Fax,HP LaserJet Professional M1210 MFP Series Fax,
,,MEOFS01,HP LaserJet Professional M1217nfw MFP,HP LaserJet Professional M1217nfw MFP,
,,MEOFS01,HP MFP Send Fax,HP MFP Send Fax,
,,MEOFS01,zebra,ZDesigner ZT230-200dpi ZPL,
North Carolina,NS2 - 795 SW Broad St,Ns2fs01,NS2-LOG,HP LaserJet Pro M404-M405 PCL-6 (V4),
North Carolina,NS2 - 795 SW Broad St,Ns2fs01,NS2-Xerox-C8045,Xerox GPD PS V3.6.433.6.0.0,
Nevada,NS3 - 1675 E Prater,ns3print01p,NS3_Floor1_C1053_HPM553,Dell Color PCL Printer Driver,
Nevada,NS3 - 1675 E Prater,ns3print01p,NS3_Floor1_C1063_Xerox_C8045,Xerox AltaLink C8045 PCL6,
Nevada,NS3 - 1675 E Prater,ns3print01p,NS3_Floor1_Cyber_HP_M281fdw,HP Universal Printing PCL 6,
Nevada,NS3 - 1675 E Prater,ns3print01p,NS3_Floor1_SmallBusiness,Dell Color PCL Printer Driver,
Nevada,NS3 - 1675 E Prater,ns3print01p,NS3_IT_Xerox_C8045,Xerox AltaLink C8045 PCL6,
Nevada,NS3 - 1675 E Prater,ns3print01p,NS3_Prater_Front_Desk,HP Smart Universal Printing,
Nevada,NS3 - 1675 E Prater,ns3print01p,ns3_SOC_Cyber_printer,KONICA MINOLTA C650iSeriesPCL,
Nevada,NS3 - 1675 E Prater,ns3print01p,NS3_SOC_Xerox_C8145,Xerox AltaLink C8145 V4 PCL6,
Nevada,NS4 - 1625 E Prater,ns3print01p,NS4_Floor1_1002_HPCLJM254dw,HP Universal Printing PCL 6,
Nevada,NS4 - 1625 E Prater,ns3print01p,NS4_Floor1_1013_Dell_E525w,Dell Color PCL Printer Driver,
Nevada,NS4 - 1625 E Prater,ns3print01p,NS4_Floor1_C01001_XeroxCenter6655_Payroll,Xerox WorkCentre 6655 V4 PCL6,
Nevada,NS4 - 1625 E Prater,ns3print01p,NS4_Floor1_C1015_XeroxWorkCentre6655,Xerox WorkCentre 6655 V4 PCL6,
Nevada,NS4 - 1625 E Prater,ns3print01p,NS4_Floor1_C1025_XeroxC405,Xerox A4 Office PS Color Class Driver V1.2,
Nevada,NS4 - 1625 E Prater,ns3print01p,NS4_Floor1_C1032_Xerox_C8045,Xerox AltaLink C8045 PCL6,
Nevada,NS4 - 1625 E Prater,ns3print01p,NS4_Floor1_C1048_HP3015,HP LaserJet P3011/P3015 PCL6 Class Driver,
Nevada,NS4 - 1625 E Prater,ns3print01p,NS4_Floor1_C1054_Xerox_C8045,Xerox AltaLink C8045 PCL6,
Nevada,NS4 - 1625 E Prater,ns3print01p,Prater-IT-Cyber-Xerox7225,Xerox WorkCentre 7220/7225 Class Driver,
Nevada,,ns3print01p,VersaLink C405,Xerox VersaLink C405 V4 PS,
Nevada,,ns3print01p,XRX9C934E9CBA08,Xerox AltaLink C8045 PCL6,
Nevada,,ns3print01p,XRX9C934EA78F75,Xerox AltaLink C8045 PCL6,
,,ob1print01p,SHARP MX-3571 PCL6,SHARP MX-3571 PCL6,
Colorado,UNK,RMNPRINT01,CCDEV-LOU2,HP Universal Printing PCL 6,
Colorado,CP1 - 14830 Compark Blvd,RMNPRINT01,Compark-Facilities,HP Universal Printing PCL 6,
Colorado,CP1 - 14830 Compark Blvd,RMNPRINT01,Compark-Ticket,HP LaserJet 500 color M551 PCL6,
Colorado,CP1 - 14830 Compark Blvd,RMNPRINT01,CP1-1st-Backshop,Xerox Global Print Driver PCL6,
Colorado,CP1 - 14830 Compark Blvd,RMNPRINT01,CP1-1st-FX1,HP Universal Printing PCL 6,
Colorado,CP1 - 14830 Compark Blvd,RMNPRINT01,CP1-1st-FX2,HP Universal Printing PCL 6,
Colorado,CP1 - 14830 Compark Blvd,RMNPRINT01,CP1-1st-FX3,HP Universal Printing PCL 6,
Colorado,CP1 - 14830 Compark Blvd,RMNPRINT01,CP1-1st-FX4,HP LaserJet 700 color MFP M775 PCL 6,
Colorado,CP1 - 14830 Compark Blvd,RMNPRINT01,CP1-1st-IAS1,Xerox Global Print Driver PCL6,
Colorado,CP1 - 14830 Compark Blvd,RMNPRINT01,CP1-1st-IAS2,Xerox Global Print Driver PCL6,
Colorado,CP1 - 14830 Compark Blvd,RMNPRINT01,CP1-1st-IAS3,Xerox Global Print Driver PCL6,
Colorado,CP1 - 14830 Compark Blvd,RMNPRINT01,CP1-2nd-Backshop,Xerox Global Print Driver PCL6,
Colorado,CP1 - 14830 Compark Blvd,RMNPRINT01,CP1-IAS-1st-Conference,HP Universal Printing PCL 6 (v7.0.0),
Colorado,CP1 - 14830 Compark Blvd,RMNPRINT01,CP1-IAS-1ST-KAPASTORES,HP Universal Printing PCL 6,
Colorado,CP1 - 14830 Compark Blvd,RMNPRINT01,CP1-IAS-1ST-OFFICE1,HP Universal Printing PCL 6,
Colorado,CP1 - 14830 Compark Blvd,RMNPRINT01,CP1-IAS-1ST-SHIPPING,HP Universal Printing PCL 6,
Colorado,HGR 11 - 8073 Wallace Court,RMNPRINT01,H11-HangarFLR-c450i,KONICA MINOLTA C650iSeriesPCL,
Colorado,HGR 11 - 8073 Wallace Court,RMNPRINT01,H11-Office_1st-c450i,KONICA MINOLTA C650iSeriesPCL,
Colorado,HGR 11 - 8073 Wallace Court,RMNPRINT01,H11-Office_2nd-c450i,KONICA MINOLTA C650iSeriesPCL,
Colorado,HGR 12 - 13382 East Control Tower Road,RMNPRINT01,H12N-Office-XeroxC8145,Xerox Global Print Driver PCL6,
Colorado,HGR 12 - 13382 East Control Tower Road,RMNPRINT01,H12S-HangarFlr-XeroxC8145,Xerox Global Print Driver PCL6,
Colorado,HGR 13 - 8165 Wallace Court,RMNPRINT01,H13-HangarFLR-c450i,KONICA MINOLTA C650iSeriesPCL,
Colorado,HGR 13 - 8165 Wallace Court,RMNPRINT01,H13-Office_1st-c450i,KONICA MINOLTA C650iSeriesPCL,
Colorado,HGR 13 - 8165 Wallace Court,RMNPRINT01,H13-Office_2nd-c450i,KONICA MINOLTA C650iSeriesPCL,
Colorado,HGR 14 - 8227 Wallace Court,RMNPRINT01,H14-HangarFLR-c450i,KONICA MINOLTA C650iSeriesPCL,
Colorado,Hawaii,RMNPRINT01,Hawaii Office Printer,HP Universal Printing PCL 6,
Colorado,,RMNPRINT01,HP MFP M477fnw,HP LaserJet MFP M634 M635 M636 PCL-6 (V4),
Colorado,LOU - 1722 Boxelder Road,RMNPRINT01,LOU_1FL-W-CCDev-C-C7025,Xerox VersaLink C7025 V4 PCL6,
Colorado,LOU - 1722 Boxelder Road,RMNPRINT01,LOU_1FL_West-WC7545,Xerox Global Print Driver PCL6,
Colorado,LOU - 1722 Boxelder Road,RMNPRINT01,LOU_2FL-W-CCDev-B-WC7545,Xerox Global Print Driver PCL6,
Colorado,LOU - 1722 Boxelder Road,RMNPRINT01,LOU_2FL_Personal_Admin,HP Color LaserJet Pro M452 PCL 6,
Colorado,LOU - 1722 Boxelder Road,RMNPRINT01,LOU_Personal_Fred Rost-HPP452,HP Color LaserJet Pro M452 PCL 6,
Colorado,RMN - Rocky Mountain North,RMNPRINT01,RMN-1st-AdminMainEntrance,HP ENVY 6000 series PCL-3,
Colorado,RMN - Rocky Mountain North,RMNPRINT01,RMN-1st-AuditoriumAdmin,HP OfficeJet Pro 8710,
Colorado,RMN - Rocky Mountain North,RMNPRINT01,RMN-1st-HR,Xerox Global Print Driver PCL6,
Colorado,RMN - Rocky Mountain North,RMNPRINT01,RMN-1st-IT,Xerox VersaLink C7025 V4 PCL6,
Colorado,RMN - Rocky Mountain North,RMNPRINT01,RMN-1st-IT-Test,Xerox Global Print Driver PCL6,
Colorado,RMN - Rocky Mountain North,RMNPRINT01,RMN-1st-LearningDev,Xerox Global Print Driver PCL6,
Colorado,RMN - Rocky Mountain North,RMNPRINT01,RMN-1st-Lobby,Xerox Global Print Driver PCL6,
Colorado,RMN - Rocky Mountain North,RMNPRINT01,RMN-1st-RockyMountainPost,Xerox Global Print Driver PCL6,
Colorado,RMN - Rocky Mountain North,RMNPRINT01,RMN-1st-ServiceCenter,HP Color LaserJet Pro MFP M277 PCL 6,
Colorado,RMN - Rocky Mountain North,RMNPRINT01,RMN-2nd-MST,Xerox Global Print Driver PCL6,
Colorado,RMN - Rocky Mountain North,RMNPRINT01,RMN-2ND-MST-Plotter,HP Designjet T770 44in HPGL2,
Colorado,RMN - Rocky Mountain North,RMNPRINT01,RMN-2nd-Plotter,HP DesignJet T650 24-in V4,
Colorado,RMN - Rocky Mountain North,RMNPRINT01,RMN-2nd-Prod1,Xerox Global Print Driver PCL6,
Colorado,RMN - Rocky Mountain North,RMNPRINT01,RMN-2nd-Prod2,Xerox Global Print Driver PCL6,
Colorado,RMN - Rocky Mountain North,RMNPRINT01,RMN-2nd-Prod3,Xerox Global Print Driver PCL6,
Colorado,RMN - Rocky Mountain North,RMNPRINT01,RMN-2nd-Proposal,Xerox Global Print Driver PCL6,
Colorado,RMN - Rocky Mountain North,RMNPRINT01,RMN-2nd-Proposal-C70,Xerox Global Print Driver PCL6,
Colorado,RMN - Rocky Mountain North,RMNPRINT01,RMN-2nd-TDL-XC8045,Xerox Global Print Driver PCL6,
Colorado,RMN - Rocky Mountain North,RMNPRINT01,RMN-3rd-Prod1,Xerox Global Print Driver PCL6,
Colorado,RMN - Rocky Mountain North,RMNPRINT01,RMN-3rd-Prod2,Xerox Global Print Driver PCL6,
Colorado,RMN - Rocky Mountain North,RMNPRINT01,RMN-3rd-Prod3,Xerox Global Print Driver PCL6,
Colorado,RMN - Rocky Mountain North,RMNPRINT01,RMN-3rd-Prod4,Xerox Global Print Driver PCL6,
Colorado,RMN - Rocky Mountain North,RMNPRINT01,RMN-Basement-Breakroom,Xerox Global Print Driver PCL6,
Colorado,RMN - Rocky Mountain North,RMNPRINT01,RMN-Basement-NBL-500,HP Color LaserJet Pro M452 PCL 6,
Colorado,RMN - Rocky Mountain North,RMNPRINT01,RMN-CORPOPS,Xerox Global Print Driver PCL6,
Colorado,RMN - Rocky Mountain North,RMNPRINT01,RMN_1FL_IT North_HP454,HP Color LaserJet Pro M452 PCL 6,
Colorado,RMS - Rocky Mountain South,RMNPRINT01,RMS-1st-GS,Xerox Global Print Driver PCL6,
Colorado,RMS - Rocky Mountain South,RMNPRINT01,RMS-1st-Lobby,HP Universal Printing PCL 6,
Colorado,RMS - Rocky Mountain South,RMNPRINT01,RMS-1st-Prod1,Xerox Global Print Driver PCL6,
Colorado,RMS - Rocky Mountain South,RMNPRINT01,RMS-1st-Prod2,Xerox Global Print Driver PCL6,
Colorado,RMS - Rocky Mountain South,RMNPRINT01,RMS-1st-Security,Xerox Global Print Driver PCL6,
Colorado,RMS - Rocky Mountain South,RMNPRINT01,RMS-2nd-Justine-Dell2130cn,Dell Open Print Driver (PCL 5),
Colorado,RMS - Rocky Mountain South,RMNPRINT01,RMS-2nd-plotter,HP DesignJet T650 24-in V4,
Colorado,RMS - Rocky Mountain South,RMNPRINT01,RMS-2nd-Prod1,Xerox Global Print Driver PCL6,
Colorado,RMS - Rocky Mountain South,RMNPRINT01,RMS-2nd-Prod2,Xerox Global Print Driver PCL6,
Colorado,RMS - Rocky Mountain South,RMNPRINT01,RMS-2nd-Prod3,Xerox Global Print Driver PCL6,
Colorado,RMS - Rocky Mountain South,RMNPRINT01,RMS-3rd-C-Suite,HP Universal Printing PCL 6,
Colorado,RMS - Rocky Mountain South,RMNPRINT01,RMS-3rd-Exec,Xerox Global Print Driver PCL6,
Colorado,RMS - Rocky Mountain South,RMNPRINT01,RMS-3rd-Jon Piatt,HP Color LaserJet MFP M480 PCL-6 (V4),
Colorado,RMS - Rocky Mountain South,RMNPRINT01,RMS-3rd-SVPAdmin,HP Universal Printing PCL 6,
Colorado,RMS - Rocky Mountain South,RMNPRINT01,RMS-3rd-Thorne,HP OfficeJet Pro 8710 PCL-3,
Colorado,RMS - Rocky Mountain South,RMNPRINT01,RMS-Basement-FltOps,Xerox Global Print Driver PCL6,
Colorado,RMS - Rocky Mountain South,RMNPRINT01,RMS-Basement-InstrumentationLab,Xerox Global Print Driver PCL6,
Colorado,RMS - Rocky Mountain South,RMNPRINT01,RMS-Basement-ResearchLab,HP Color LaserJet Pro M452 PCL 6,
Colorado,RMS - Rocky Mountain South,RMNPRINT01,RMS-Basement-SB-S436,HP Universal Printing PCL 6,
Colorado,,RMNPRINT01,ZM1-OfficePrinter-C8145,Xerox Global Print Driver PCL6,
,,rmnprint02p,DAY-HGR-Hanger Floor,Xerox Global Print Driver PCL6,
,,rmnprint02p,DAY-HGR-Main Office,Xerox Global Print Driver PCL6,
,,rmnprint02p,RMC Secure Print,Xerox Global Print Driver PCL6,
Colorado,RMN - Rocky Mountain North,rmnprint02p,RMN-1st-HR,Xerox Global Print Driver PCL6,
Colorado,RMN - Rocky Mountain North,rmnprint02p,RMN-1st-IT,Xerox Global Print Driver PCL6,
Colorado,RMN - Rocky Mountain North,rmnprint02p,RMN-1st-LearningDev,Xerox Global Print Driver PCL6,
Colorado,RMN - Rocky Mountain North,rmnprint02p,RMN-1st-Lobby,Xerox Global Print Driver PCL6,
Colorado,RMN - Rocky Mountain North,rmnprint02p,RMN-2nd-MST,Xerox Global Print Driver PCL6,
Colorado,RMN - Rocky Mountain North,rmnprint02p,RMN-2nd-Prod1,Xerox Global Print Driver PCL6,
Colorado,RMN - Rocky Mountain North,rmnprint02p,RMN-2nd-Prod2,Xerox Global Print Driver PCL6,
Colorado,RMN - Rocky Mountain North,rmnprint02p,RMN-2nd-Prod3,Xerox Global Print Driver PCL6,
Colorado,RMN - Rocky Mountain North,rmnprint02p,RMN-2nd-Proposal,Xerox Global Print Driver PCL6,
Colorado,RMN - Rocky Mountain North,rmnprint02p,RMN-3rd-Prod1,Xerox Global Print Driver PCL6,
Colorado,RMN - Rocky Mountain North,rmnprint02p,RMN-3rd-Prod2,Xerox Global Print Driver PCL6,
Colorado,RMN - Rocky Mountain North,rmnprint02p,RMN-3rd-Prod3,Xerox Global Print Driver PCL6,
Colorado,RMN - Rocky Mountain North,rmnprint02p,RMN-3rd-Prod4,Xerox Global Print Driver PCL6,
Colorado,RMN - Rocky Mountain North,rmnprint02p,RMN-Basement-Breakroom,Xerox Global Print Driver PCL6,
Colorado,RMS - Rocky Mountain South,rmnprint02p,RMS-1st-Prod1,Xerox Global Print Driver PCL6,
Colorado,RMS - Rocky Mountain South,rmnprint02p,RMS-1st-Prod2,Xerox Global Print Driver PCL6,
Colorado,RMS - Rocky Mountain South,rmnprint02p,RMS-1st-Security,Xerox Global Print Driver PCL6,
Colorado,RMS - Rocky Mountain South,rmnprint02p,RMS-2nd-Prod1,Xerox Global Print Driver PCL6,
Colorado,RMS - Rocky Mountain South,rmnprint02p,RMS-2nd-Prod2,Xerox Global Print Driver PCL6,
Colorado,RMS - Rocky Mountain South,rmnprint02p,RMS-2nd-Prod3,Xerox Global Print Driver PCL6,
Colorado,RMS - Rocky Mountain South,rmnprint02p,RMS-3rd-Exec,Xerox Global Print Driver PCL6,
Colorado,RMS - Rocky Mountain South,rmnprint02p,RMS-Basement-FltOps,Xerox Global Print Driver PCL6,
Colorado,RMS - Rocky Mountain South,rmnprint02p,RMS-Basement-InstrumentationLab,Xerox Global Print Driver PCL6,
,,rmnprint02p,Secure-Print,Xerox Global Print Driver PCL6,
,,rmnprint02p,Test Secure Print,Xerox Global Print Driver PCL6,
Nevada,CRP - 444 Salomon,SALPRINT01,CRP_Floor1_1017_Plotter_PS3,HP Designjet T770ps 24in PS3,
Nevada,CRP - 444 Salomon,SALPRINT01,CRP_Floor1_1049_XeroxWC6655,Xerox WorkCentre 6655,
Nevada,CRP - 444 Salomon,SALPRINT01,CRP_Floor1_1058_HPCLJMFPM281fdw,HP Universal Printing PCL 6 (v6.8.0),
Nevada,CRP - 444 Salomon,SALPRINT01,CRP_Floor1_1071_Color,HP ColorLaserJet M253-M254 PCL 6 (V3),
Nevada,CRP - 444 Salomon,SALPRINT01,CRP_Floor1_1101-06_HPCLJM283fdw,HP Universal Printing PCL 6,
Nevada,CRP - 444 Salomon,SALPRINT01,CRP_Floor1_C1025_HPOJPro8710,HP OfficeJet Pro 8710,
Nevada,CRP - 444 Salomon,SALPRINT01,CRP_floor1_C1116_MFP,HP Color LaserJet Pro MFP M477 PCL 6,
Nevada,CRP - 444 Salomon,SALPRINT01,CRP_Floor1_C1119_Security,HP Color LaserJet Pro MFP M477 PCL 6,
Nevada,CRP - 444 Salomon,SALPRINT01,CRP_Floor1_CLF_HPM451DN,HP Universal Printing PCL 6 (v6.2.0),
Nevada,CRP - 444 Salomon,SALPRINT01,CRP_Floor1_DonnerA_Color,Xerox EX-i C60-C70 Printer,
Nevada,CRP - 444 Salomon,SALPRINT01,CRP_Floor1_ESF_HPCLJM475dn,HP Universal Printing PCL 6,
Nevada,CRP - 444 Salomon,SALPRINT01,CRP_Floor1_Facilities_Xerox7225,Xerox WorkCentre 7225,
Nevada,CRP - 444 Salomon,SALPRINT01,CRP_Floor1_Legal_XeroxC7025,Xerox VersaLink C7025 PCL6,
Nevada,CRP - 444 Salomon,SALPRINT01,CRP_Floor1_NevadaLab_ZebraGK420d,ZDesigner GK420d,
Nevada,CRP - 444 Salomon,SALPRINT01,CRP_Floor1_ReceptionM281fdw,HP Universal Printing PCL 6,
Nevada,CRP - 444 Salomon,SALPRINT01,CRP_Floor2_2031_ColorMFP,Xerox VersaLink C7025 PCL6,
Nevada,CRP - 444 Salomon,SALPRINT01,CRP_Floor2_2060_MFP,HP Universal Printing PCL 6 (v6.6.5),
Nevada,CRP - 444 Salomon,SALPRINT01,CRP_GCox_M477,HP Color LaserJet Pro MFP M477 PCL 6,
Nevada,,SALPRINT01,ENG-LAB_HPLJ2430N,HP Universal Printing PCL 6 (v6.2.0),
Nevada,,SALPRINT01,ENG3_HPCLJ5550_SAL,HP Universal Printing PCL 6 (v6.2.0),
Nevada,,SALPRINT01,HP Color LaserJet MFP M281fdw UPD PCL 6,HP Universal Printing PCL 6,
Nevada,,SALPRINT01,HQ_PRINTER,HP ColorLaserJet M253-M254 PCL 6 (V3),
Nevada,,SALPRINT01,NAPA_PRINTER,HP Universal Printing PCL 6,
Nevada,CRP - 444 Salomon,SALPRINT01,SAL-ABruce-CLJPM254dw,HP ColorLaserJet M253-M254 PCL 6 (V3),
Nevada,CRP - 444 Salomon,SALPRINT01,SAL-CNSSOFTWARE-HPCLJ5550,HP Universal Printing PCL 6 (v6.2.0),
Nevada,CRP - 444 Salomon,SALPRINT01,SAL-Comms-LearningDev-WC7225,Xerox WorkCentre 7225,
Nevada,CRP - 444 Salomon,SALPRINT01,SAL-Daycare-HPCLJM476DN,HP Color LaserJet Pro MFP M476 PCL 6,
Nevada,CRP - 444 Salomon,SALPRINT01,SAL-Denny Weyhe-HPLJP3015DN,HP LaserJet P3011/P3015 PCL6,
Nevada,CRP - 444 Salomon,SALPRINT01,SAL-DVEPS_BackWarehouse_HPLJP3005,HP LaserJet P3005 PCL6,
Nevada,CRP - 444 Salomon,SALPRINT01,SAL-ENG-HPCLJ5550,HP Universal Printing PCL 6 (v6.2.0),
Nevada,CRP - 444 Salomon,SALPRINT01,SAL-ENG-HPDJT770,HP Designjet T770ps 24in HPGL2,
Nevada,CRP - 444 Salomon,SALPRINT01,SAL-ENG3-HPCLJCP6015DN,HP Universal Printing PCL 6 (v6.8.0),
Nevada,CRP - 444 Salomon,SALPRINT01,SAL-ENG3-WC7225,Xerox AltaLink C8145 V4 PS,
Nevada,CRP - 444 Salomon,SALPRINT01,SAL-EO-HPCLJM451DN,HP Universal Printing PS,
Nevada,CRP - 444 Salomon,SALPRINT01,SAL-ExecAdmin-C8070,Xerox AltaLink C8145 V4 PS,
Nevada,CRP - 444 Salomon,SALPRINT01,SAL-EXECADMIN2-WC6655,Xerox WorkCentre 6655,
Nevada,CRP - 444 Salomon,SALPRINT01,SAL-FINANCE-XeroxC8070,Xerox AltaLink C8070 PS,
Nevada,CRP - 444 Salomon,SALPRINT01,SAL-GLivingston-CLJPM254dw,HP ColorLaserJet M253-M254 PCL 6 (V3),
Nevada,CRP - 444 Salomon,SALPRINT01,SAL-GZ-HPCLJM451DN,HP Universal Printing PCL 6,
Nevada,CRP - 444 Salomon,SALPRINT01,SAL-Heidi Lucia-CM23020NF,HP Universal Printing PCL 6 (v6.2.0),
Nevada,CRP - 444 Salomon,SALPRINT01,SAL-HUMANRESOURCES-WC7225,Xerox AltaLink C8145 V4 PCL6,
Nevada,CRP - 444 Salomon,SALPRINT01,SAL-KD-HPCLJM451DN,HP Universal Printing PS,
Nevada,CRP - 444 Salomon,SALPRINT01,SAL-Rubicon-M451DN,HP Universal Printing PCL 6 (v6.2.0),
Nevada,CRP - 444 Salomon,SALPRINT01,SAL-SierraLab-HPLJ5550,HP Color LaserJet 5550 PCL6 Class Driver,
Nevada,CRP - 444 Salomon,SALPRINT01,SAL-SST-XeroxC7025,Xerox VersaLink C7025 PCL6,
Nevada,CRP - 444 Salomon,SALPRINT01,SAL-TAHOELAB-HPLJ2430N,HP Universal Printing PCL 6,
Nevada,CRP - 444 Salomon,SALPRINT01,SAL_1085_M254,HP ColorLaserJet M253-M254 PCL 6 (V3),
Nevada,CRP - 444 Salomon,SALPRINT01,SAL_1088_M254,HP ColorLaserJet M253-M254 PCL 6 (V3),
Nevada,CRP - 444 Salomon,SALPRINT01,SAL_1092_M254,HP ColorLaserJet M253-M254 PCL 6 (V3),
Nevada,CRP - 444 Salomon,SALPRINT01,SAL_BGreen_M254,HP ColorLaserJet M253-M254 PCL 6 (V3),
Nevada,CRP - 444 Salomon,SALPRINT01,SAL_BSimpson_M254,HP ColorLaserJet M253-M254 PCL 6 (V3),
Nevada,CRP - 444 Salomon,SALPRINT01,SAL_CRiley_M281,HP ColorLaserJet M253-M254 PCL 6 (V3),
Nevada,CRP - 444 Salomon,SALPRINT01,SAL_Floor1_NevadaLab,HP Universal Printing PCL 6 (v6.2.0),
Nevada,CRP - 444 Salomon,SALPRINT01,SAL_LetterExec_M254,HP ColorLaserJet M253-M254 PCL 6 (V3),
Nevada,CRP - 444 Salomon,SALPRINT01,SAL_PStarrantino_M254,HP ColorLaserJet M253-M254 PCL 6 (V3),
Nevada,CRP - 444 Salomon,SALPRINT01,SAL_RKronz_M254,HP ColorLaserJet M253-M254 PCL 6 (V3),
Nevada,CRP - 444 Salomon,SALPRINT01,SAL_SHoover_M253,HP Universal Printing PCL 6,
Nevada,CRP - 444 Salomon,SALPRINT01,SAL_VPHROffice_M254,HP ColorLaserJet M253-M254 PCL 6 (V3),
Nevada,SPA - 550 Vista,SALPRINT01,Spa_Floor1_C1042_ZebraGreen,ZDesigner GX420d,
Nevada,SPA - 550 Vista,SALPRINT01,Spa_Floor1_C1042_ZebraWhite,ZDesigner ZD420-203dpi ZPL,
Nevada,SPA - 550 Vista,SALPRINT01,SPA_Floor1_C1046_XeroxC7025,Xerox VersaLink C7025 PCL6,
Nevada,SPA - 550 Vista,SALPRINT01,SPA_Floor1_C1048_Xerox8045,Xerox AltaLink C8045 V4 PCL6,
Nevada,SPA - 550 Vista,SALPRINT01,SPA_Floor1_C1068_HP5550,HP Universal Printing PCL 6 (v6.6.5),
Nevada,SPA - 550 Vista,SALPRINT01,SPA_Floor1_C1124_ColorMFP,Xerox VersaLink C405 V4 PCL6,
Nevada,SPA - 550 Vista,SALPRINT01,SPA_Floor1_Facilities_HPCLJM475dn,HP LJ300-400 color M351-M451 PCL6 Class Driver,
Nevada,SPA - 550 Vista,SALPRINT01,SPA_Floor1_MODIKIT_ZD420,ZDesigner ZD420-203dpi ZPL,
Nevada,SPA - 550 Vista,SALPRINT01,SPA_Floor1_MODILab_HP3015,HP LaserJet P3011/P3015 PCL6 Class Driver,
Nevada,SPA - 550 Vista,SALPRINT01,SPA_Floor1_MODIReworkLab_Label,ZDesigner GX420d,
Nevada,SPA - 550 Vista,SALPRINT01,SPA_Floor1_MODITest_HPLJP3015,HP LaserJet P3011/P3015 PCL6 Class Driver,
Nevada,SPA - 550 Vista,SALPRINT01,SPA_Floor1_O1020_HPLJ5550C,HP Color LaserJet 5550 PCL 5,
Nevada,SPA - 550 Vista,SALPRINT01,SPA_Floor1_O1042_HPLJP3015,HP LaserJet P3011/P3015 PCL6 Class Driver,
Nevada,SPA - 550 Vista,SALPRINT01,SPA_Floor1_O1055_HPM281MFP,HP Universal Printing PCL 6 (v6.8.0),
Nevada,SPA - 550 Vista,SALPRINT01,SPA_Floor1_Procurement_XeroxC405,Xerox VersaLink C405 V4 PCL6,
Nevada,SPA - 550 Vista,SALPRINT01,SPA_Floor1_Subcontracts_ColorMFP,HP Universal Printing PCL 6,
Nevada,SPA - 550 Vista,SALPRINT01,SPA_QACart_ZebraGK420d,ZDesigner GK420d,
Nevada,,SALPRINT01,TAHOE_PRINTER,HP ColorLaserJet M253-M254 PCL 6 (V3),
Nevada,VIS - 250 Vista,SALPRINT01,VIS-002-HPCLJ5500,HP Universal Printing PCL 6 (v6.8.0),
Nevada,VIS - 250 Vista,SALPRINT01,VIS-003-HPLJ5550,HP Universal Printing PCL 6,
Nevada,VIS - 250 Vista,SALPRINT01,VIS-250REJRED-QA-ZEBRA-ZEBRAGK420D,ZDesigner GX420d,
Nevada,VIS - 250 Vista,SALPRINT01,VIS-250REJREDZEBRA-ZEBRAGK420D,ZDesigner GX420d,
Nevada,VIS - 250 Vista,SALPRINT01,VIS-550REJREDZEBRA-ZEBRAGK420D,ZDesigner GK420d,
Nevada,VIS - 250 Vista,SALPRINT01,VIS-ACCOUNTING-HPCM2320nf,HP Universal Printing PCL 6,
Nevada,VIS - 250 Vista,SALPRINT01,VIS-AP2-HPLJP4015,HP LaserJet P4014/P4015 PCL6,
Nevada,VIS - 250 Vista,SALPRINT01,VIS-AP3-HPLJP3015,HP Universal Printing PCL 6,
Nevada,VIS - 250 Vista,SALPRINT01,VIS-COMPLIANCE-HPLJP3015,HP LaserJet P3011/P3015 PCL6,
Nevada,VIS - 250 Vista,SALPRINT01,VIS-Contracts-Dell-MFP-S2825cdn,Dell Color MFP S2825cdn PCL6,
Nevada,VIS - 250 Vista,SALPRINT01,VIS-ELINT-GREENTAG-ZEBRA421,ZDesigner ZD421-203dpi ZPL,
Nevada,VIS - 250 Vista,SALPRINT01,VIS-ELINT-REDTAG-ZEBRA421,ZDesigner ZD421-203dpi ZPL,
Nevada,VIS - 250 Vista,SALPRINT01,VIS-Facilities-Tom-HP OfficeJet Pro 8710,HP OfficeJet Pro 8710,
Nevada,VIS - 250 Vista,SALPRINT01,VIS-floor1-SPLab-HP7740wf,HP Officejet 7610 Series Class Driver,
Nevada,VIS - 250 Vista,SALPRINT01,VIS-HP OfficeJet Pro 8710,HP OfficeJet Pro 8710,
Nevada,VIS - 250 Vista,SALPRINT01,VIS-HR-VISITOR-HPOJPRO8710,HP OfficeJet Pro 8710,
Nevada,VIS - 250 Vista,SALPRINT01,VIS-INT-Audit-HPLJ4240,HP LaserJet 4240 PCL 6,
Nevada,VIS - 250 Vista,SALPRINT01,VIS-IT-HelpDesk-HPLJ400Pro,HP Universal Printing PCL 6 (v6.5.0),
Nevada,VIS - 250 Vista,SALPRINT01,VIS-JCREW2-HPLJ305,HP LaserJet P3005 PCL6,
Nevada,VIS - 250 Vista,SALPRINT01,VIS-MFG-LVLab-HPLJ5200,HP LaserJet 5200 Series PCL 5,
Nevada,VIS - 250 Vista,SALPRINT01,VIS-MFG-ZEBRAGK420D,ZDesigner GX420d,
Nevada,VIS - 250 Vista,SALPRINT01,VIS-MRB-CAGE-ZEBRAGK420D,ZDesigner GX420d,
Nevada,VIS - 250 Vista,SALPRINT01,VIS-Planning-Zebra-GX430t,ZDesigner GX430t,
Nevada,VIS - 250 Vista,SALPRINT01,VIS-PROGSUP-XEROX7845,Xerox WorkCentre 7845,
Nevada,VIS - 250 Vista,SALPRINT01,VIS-PTL5-XeroxC7025,Xerox VersaLink C7025 PCL6,
Nevada,VIS - 250 Vista,SALPRINT01,VIS-QA-HP3015,HP LaserJet P3011/P3015 PCL6,
Nevada,VIS - 250 Vista,SALPRINT01,VIS-QA-HPLJ2605,HP Universal Printing PCL 6,
Nevada,VIS - 250 Vista,SALPRINT01,VIS-QAENG-Zebra ZD421 Red,ZDesigner ZD420-203dpi ZPL,
Nevada,VIS - 250 Vista,SALPRINT01,VIS-Receiving-HPLJ2044dn,HP Universal Printing PCL 6 (v7.0.0),
Nevada,VIS - 250 Vista,SALPRINT01,VIS-Receiving-HPLJP3005n,HP LaserJet P3005 PCL6,
Nevada,VIS - 250 Vista,SALPRINT01,VIS-SEC2-QA-ZEBRALP2844Z,ZDesigner LP 2844-Z,
Nevada,VIS - 250 Vista,SALPRINT01,VIS-SEC2-XEROXWC7545,Xerox WorkCentre 7545 PCL6,
Nevada,VIS - 250 Vista,SALPRINT01,VIS-SHIPPING-Dell2815dn,Dell MFP S2815dn PCL6,
Nevada,VIS - 250 Vista,SALPRINT01,VIS-Shipping-HP ColorLaserJet MFP M283fdw,HP ColorLaserJet M253-M254 PCL 6 (V3),
Nevada,VIS - 250 Vista,SALPRINT01,VIS-SKL Quality1-HP OfficeJet Pro 8710,HP OfficeJet Pro 8710,
Nevada,VIS - 250 Vista,SALPRINT01,VIS-SKL Shipping-Color Laserjet Pro M283fdw,HP Color LaserJet Pro MFP M476 PCL 6,
Nevada,VIS - 250 Vista,SALPRINT01,VIS-SKL-HPLJ3015,HP Universal Printing PS,
Nevada,VIS - 250 Vista,SALPRINT01,VIS-SKL-ZebraGK420d,ZDesigner GK420d,
Nevada,VIS - 250 Vista,SALPRINT01,VIS-SP-HPLJ700CMFM775,HP Universal Printing PCL 5,
Nevada,VIS - 250 Vista,SALPRINT01,VIS-SPLAB-HPCLJCP5225N,HP Color LaserJet CP5220 Series PCL6,
Nevada,VIS - 250 Vista,SALPRINT01,VIS-STE104-HPLJ5550C,HP Universal Printing PS,
Nevada,VIS - 250 Vista,SALPRINT01,VIS-STE109-HPCLJ5550,HP Color LaserJet 5550 PCL 5,
Nevada,VIS - 250 Vista,SALPRINT01,VIS-Stores-GFE-Xerox4260,Xerox WorkCentre 4260 PS,
Nevada,VIS - 250 Vista,SALPRINT01,VIS-STORES-MISC-LABELS,ZDesigner LP 2844-Z,
Nevada,VIS - 250 Vista,SALPRINT01,VIS-STORES1-HPLJ3005N,HP LaserJet P3011/P3015 PCL6,
Nevada,VIS - 250 Vista,SALPRINT01,VIS-Stores2-Zebra-GK420D,ZDesigner GX420d,
Nevada,VIS - 250 Vista,SALPRINT01,VIS-Thermotron-ZD421,ZDesigner GK420d,
Nevada,VIS - 250 Vista,SALPRINT01,VIS-THERMOTRONLAB-HPCLJ400M475DN,HP Universal Printing PCL 6,
Nevada,VIS - 250 Vista,SALPRINT01,VIS-ThermotronLab-MFP M281,HP ColorLaserJet MFP M282-M285 PCL-6 (V4),
Nevada,VIS - 250 Vista,SALPRINT01,VIS2-INTAUDIT-WC7225,Xerox WorkCentre 7225 PCL6,
Nevada,VIS - 250 Vista,SALPRINT01,VIS_Admin_HP OfficeJet Pro 8710,HP OfficeJet Pro 8710,
Nevada,VIS - 250 Vista,SALPRINT01,VIS_Floor1_1035-A_HPLJ4015,HP LaserJet P4014/P4015 PCL6,
Nevada,VIS - 250 Vista,SALPRINT01,VIS_Floor1_C1012_ZebraGK420d,ZDesigner GK420d,
Nevada,VIS - 250 Vista,SALPRINT01,VIS_Floor1_ELINTLab_XeroxC7025,Xerox VersaLink C7025 PCL6,
Nevada,VIS - 250 Vista,SALPRINT01,VIS_Floor1_FinalInspection_Zebra2844-Green,ZDesigner LP 2844-Z,
Nevada,VIS - 250 Vista,SALPRINT01,VIS_Floor1_gavin,HP LJ300-400 color MFP M375-M475 PCL 6,
Nevada,VIS - 250 Vista,SALPRINT01,VIS_Floor1_IncomingQA_C7025MFP,Xerox VersaLink C7025 PCL6,
Nevada,VIS - 250 Vista,SALPRINT01,VIS_Floor1_LVProd_XeroxC405,Xerox VersaLink C405 V4 PCL6,
Nevada,VIS - 250 Vista,SALPRINT01,VIS_Floor1_MISD_ZebraGX430t,ZDesigner GX430t,
Nevada,VIS - 250 Vista,SALPRINT01,VIS_Floor1_O1007_ZebraGK420d,ZDesigner GX420d,
Nevada,VIS - 250 Vista,SALPRINT01,VIS_Floor1_OutgoingInspection_C7025MFP,Xerox VersaLink C7025 PCL6,
Nevada,VIS - 250 Vista,SALPRINT01,VIS_Floor1_QA_ZebraGK420d,ZDesigner GK420d,
Nevada,VIS - 250 Vista,SALPRINT01,VIS_Floor1_QACage_ZebraGK420d,ZDesigner GK420d,
Nevada,VIS - 250 Vista,SALPRINT01,VIS_Floor1_Receiving_Gavin,HP ColorLaserJet MFP M282-M285 PCL-6 (V4),
Nevada,VIS - 250 Vista,SALPRINT01,VIS_Floor1_Receiving_HP-M283fdw,HP Universal Printing PCL 6 (v7.0.0),
Nevada,VIS - 250 Vista,SALPRINT01,VIS_Floor1_Shipping-M283MFPprinter(Henry),HP Universal Printing PCL 6,
Nevada,VIS - 250 Vista,SALPRINT01,VIS_Floor1_SKLRework_ZebraGK420d-Red,ZDesigner GK420d,
Nevada,VIS - 250 Vista,SALPRINT01,VIS_Floor1_SPLab_DesignJetT830-24,HP DesignJet T830 24in MFP,
Nevada,VIS - 250 Vista,SALPRINT01,VIS_Floor1_Stores_XeroxC7025,Xerox VersaLink C7025 PCL6,
Nevada,VIS - 250 Vista,SALPRINT01,VIS_Special_Projects_Zebra_GK420_Green,ZDesigner GC420d (EPL),
Nevada,VIS - 250 Vista,SALPRINT01,VIS_Special_Projects_Zebra_ZD420,ZDesigner ZD420-203dpi ZPL,
Nevada,,SALPRINT01,ZDesigner GK420d,ZDesigner GK420d,
Nevada,,SALPRINT01,ZDesigner ZD421-203dpi ZPL,ZDesigner ZD421-203dpi ZPL,
Utah,SLC - 1996 E. 6400 S.,slcfs01,SLC_1FL-Xerox7425PCL6,Xerox WorkCentre 7425 V4 PCL6,
Utah,SLC - 1996 E. 6400 S.,slcfs01,SLC_2FL-HP LJ2300PCL6,HP Universal Printing PCL 6,
Utah,SLC - 1996 E. 6400 S.,slcfs01,SLC_2FL-HP LJ5550PCL6,HP Color LaserJet 5550 PCL 6,
Utah,SLC - 1996 E. 6400 S.,slcfs01,SLC_2FL-HP LJ5550PS,HP Color LaserJet 5550 PS,
Utah,SLC - 1996 E. 6400 S.,slcfs01,SLC_2FL-LJ-CM2320,HP Universal Printing PCL 6,
Utah,SLC - 1996 E. 6400 S.,slcfs01,SLC_2FL-Xerox7125PCL6,Xerox WorkCentre 7425 V4 PCL6,
Utah,SLC - 1996 E. 6400 S.,slcfs01,SLC_2FL_KonicaC450i,KONICA MINOLTA C4050iSeriesPCL,
,,svofs01,BrotherMFC_6490cn,Brother MFC-6490CN Printer,
,,svofs01,SVO_HP_5000,HP Universal Printing PS,
,,svofs01,SVO_HP_M2454dw,HP Universal Printing PCL 6 (v6.0.0),
,,svofs01,SVO_XEROX7525,Xerox GPD PCL6 V5.979.3.0,
